Jahr;Dokument;Datum;Linke;CDU/CSU;Dokumentnr;Titel
2011;Plenarprotokoll 17/90;10.02.2011;Ulla Jelpke;Reinhard Grindel;17/90;"Einheitlichen EU-Flüchtlingsschutz garantieren; Für ein offenes, rechtsstaatliches und gerechtes europäisches Asylsystem"
2011;Plenarprotokoll 17/96;17.03.2011;Ulla Jelpke;Helmut Brandt;17/96;Für wirksamen Rechtsschutz im Asylverfahren – Konsequenzen aus der Entscheidung des Europäischen Gerichtshofs für Menschenrechte ziehen
2011;Plenarprotokoll 17/104;13.04.2011;Ulla Jelpke;Helmut Brandt, Stephan Mayer;17/149;Menschenwürde ist nicht verhandelbar - Bedingungen in griechischen Flüchtlingslagern sofort verbessern
2011;;07.07.2011;Ulla Jelpke;Dr. Egon Jüttner, Michael Frieser;17/120;60 Jahre Genfer Flüchtlingskonvention - Magna Charta des internationalen Flüchtlingsschutzes umsetzen und fortentwickeln
2011;;13.04.2011;Ulla Jelpke;Dr. Hans-Peter Uhl, Reinhard Grindel, Hartwig Fischer, Arnold Vaatz;17/104;Aktuelle Stunde zu den Antworten der Bundesregierung auf die dringliche Frage 5 auf Drucksache 17/5468 Thema: Aufnahme von vom UNHCR anerkannten Flüchtlingen aus Libyen in Deutschland
2012;Plenarprotokoll 17/214;13.12.2012;Wolfgang Gehrcke;Joachim Hörster, Dr. Wolfgang Götzer;17/214;Sofortige humanitäre Hilfe für Syrien leisten - Diplomatische Verhandlungslösung für den Konflikt fördern
2012;Plenarprotokoll 17/155;26.01.2012;Ulla Jelpke;Michael Frieser;17/155;Abschiebestopp und Bleiberecht für Flüchtlinge aus Syrien
2012;;07.11.2012;Ulla Jelpke, Halina Wawzyniak;Dr. Peter Tauber, Michael Frieser, Reinhard Grindel;17/203;Haltung der Bundesregierung zu Residenzpflicht und Sondergesetzen für Flüchtlinge sowie Asylbewerberinnen und Asylbewerber
2012;;19.01.2012;Diana Golze;Eckhard Pols, Dorothee Bär;17/152;Die UN-Kinderrechtskonvention bei Flüchtlingskindern anwenden - Die Bundesländer in die Pflicht nehmen
2012;;20.01.2012;Wolfgang Gehrcke;Dr. Thomas Feist;17/153;Das Regime in Syrien international isolieren
2013;Plenarprotokoll 17/231;21.03.2013;Ulla Jelpke;Reinhard Grindel;17/231;Syrische Flüchtlinge schützen
2013;Plenarprotokoll 17/238;26.04.2013;Ulla Jelpke;Michael Frieser;17/238;Die Menschenwürde von Flüchtlingen ist migrationspolitisch nicht relativierbar – Konsequenzen aus dem Urteil des Bundesverfassungsgerichts zum Asylbewerberleistungsgesetz ziehen
2014;Plenarprotokoll 18/46;03.07.2014;Ulla Jelpke;Nina Warken, Andrea Lindholz;18/46;Für eine schnelle und unbürokratische Aufnahme syrischer Flüchtlinge in Deutschland und in der EU
2014;Plenarprotokoll 18/46;03.07.2014;Ulla Jelpke;Nina Warken, Andrea Lindholz;18/46;Gesetzes zur Einstufung weiterer Staaten als sichere Herkunftsstaaten und zur Erleichterung des Arbeitsmarktzugangs für Asylbewerber und geduldete Ausländer
2014;Plenarprotokoll 18/33;08.05.2014;Ulla Jelpke, Annette Groth;Philipp Mißfelder, Andrea Lindholz;18/33;Hilfe für die Flüchtlinge aus Syrien – Unterstützung für die Nachbarstaaten
2014;;03.04.2014;Ulla Jelpke;Andrea Lindholz, Olav Gutting;18/26;Kontoeröffnungen für Flüchtlinge ermöglichen
2014;;04.12.2014;Ulla Jelpke, Petra Pau;Martin Patzelt, Erika Steinbach, Andrea Lindholz, Nina Warken;18/73;Solidarität zeigen - Aufnahme von syrischen und irakischen Flüchtlingen ausweiten
2015;Plenarprotokoll 18/133;05.11.2015;Inge Höger;Dr. Egon Jüttner;18/133;Kein Frieden und Deutscher Bundestag – 18. Wahlperiode – 133. Sitzung. Berlin, Donnerstag, den 5. November 2015 V keine Stabilität ohne Menschenrechte und Rechtsstaatlichkeit – Für eine weitsichtige europäische Nachbarschaftspolitik gegenüber den Staaten Nordafrika
2015;Plenarprotokoll 18/133;05.11.2015;Ralph Lenkert;Cemile Giousouf, Dr. Claudia Lücking-Michel;18/133;Vielfalt stärkt Wissenschaft – Studienchancen für Flüchtlinge schaffen
2015;Plenarprotokoll 18/136;12.11.2015;Sabine Zimmermann, Sevim Dagdelen;Karl Schiewerling, Dr. Matthias Zimmer, Jutte Eckenbach, Dr. Astrid Freudenstein, Andrea Lindholz;18/136;Flüchtlinge auf dem Weg in Arbeit unterstützen, Integration befördern und Lohndumping bekämpfen
2015;Plenarprotokoll 18/136;12.11.2015;Norbert Müller;Nina Warken, Gudrun Zollner;18/136;Besonders gefährdete Flüchtlinge in Erstaufnahmeeinrichtungen und Gemeinschaftsunterkünften besser schützen
2016;Plenarprotokoll 18/158;25.02.2016;Jan Korte, Heike Hänsel, Kathrin Vogler, Ulla Jelpke;Nina Warken, Nina Warken, Andrea Lindholz, Jutta Eckenbach;18/158;Gesetzes zur Einführung beschleunigter Asylverfahren
2016;Plenarprotokoll 18/167;28.04.2016;Heike Hänsel, Ulla Jelpke;Thorsten Frei, Andrea Lindholz, Dr. Christoph Bergner;18/167;Flüchtlingsschutz und faire Verantwortungsteilung in einer geeinten Europäischen Union
2016;Plenarprotokoll 18/167;28.04.2016;Norbert Müller;Ingrid Pahlmann, Martin Patzelt;18/167;Heute für morgen helfen – Engagement für Geflüchtete stärken
2018;Plenarprotokoll 19/7;18.01.2018;Ulla Jelpke;Marian Wendt, Andrea Lindholz;19/7;Gesetzes zur Änderung des Aufenthaltsgesetzes
2018;Plenarprotokoll 19/7;18.01.2018;Petra Pau;Volker Kauder, Alexander Dobrindt;19/7;Antisemitismus entschlossen bekämpfen
2018;Plenarprotokoll 19/41;27.06.2018;Michael Brandt, Katja Kipping;Thorsten Frei, JOsef Oster, Philipp Amthor, Michaell Kuffer;19/41;Seenotrettung im Mittelmeer durchsetzen
2018;;01.02.2018;Dr. Dietmar Bartsch, Ulla Jelpke;Andrea Lindholz, Stephan Mayer, Dr. Stephan Harbarth;19.11;Gesetz zur Verlängerung der Aussetzung des Familiennachzugs zu subsidiär Schutzberechtigten
2019;Plenarprotokoll 19/119;18.10.2019;Gökay Akbulut;Alexander Throm, Michael Kuffer, Detlef Seif;19/119;Gesetzes zur Änderung des Aufenthaltsgesetzes (Aufenthaltsänderungsgesetz – AufenthÄndG)
2019;Plenarprotokoll 19/98;09.05.2019;Susanne Ferschl, Gökay Akbulut;Thorsten Frei, Peter Weiß, Dr. Mathias Middelberg;19/98;"Fachkräfteeinwanderungsgesetzes, Gesetzes
zur Einführung eines Einwanderungsgesetzes, Für einen konsequenten Ansatz in der Einwanderungspolitik – Eckpunkte eines umfassenden Einwanderungsgesetzbuches etc."
2019;Plenarprotokoll 19/98;09.05.2019;Ulla Jelpke;Alexander Throm, Nina Warken;19/98;Gesetzes zur Entfristung des Integrationsgesetzes
2019;;14.02.2019;Ulla Jelpke;Alexander Throm, Marian Wendt, Michael Kuffer, Detlef Seif;19/80;Die Werkstattgespräche der CDU und die Konsequenzen für die Asylpolitik der Bundesregierung
2020;Plenarprotokoll 19/174;11.09.2020;Dr. Dietmar Bartsch, Michel Brandt;Thorsten Frei, Elisabeth Motschmann, Michael Kuffer;19/174;Konsequenzen aus dem Brand in Moria ziehen – Lager auf den griechischen Inseln auflösen und Geflüchtete in Deutschland aufnehmen
2020;Plenarprotokoll 19/146;13.02.2020;Gökay Akbulut;Nina Warken;19/146;Bericht der Beauftragten der Bundesregierung für Migration, Flüchtlinge und Integration – VI Deutscher Bundestag – 19. Wahlperiode – 146. Sitzung. Berlin, Donnerstag, den 13. Februar 2020 Deutschland kann Integration: Potenziale fördern, Integration fordern, Zusammenhalt stärken
2020;;22.04.2020;Michel Brandt;Thorsten Frei, Dr. Volker Ullrich;19/155;Für einen solidarischen und menschenrechtsbasierten Neuanfang in der Europäischen Flüchtlingspolitik
2020;;04.03.2020;Ulla Jelpke;Josef Oster, Detlef Seif, Alexander Throm;19/148;Besonders Schutzbedürftige aus dem Mittelmeerraum aufnehmen und kommunale Aufnahme ermöglichen
2021;Plenarprotokoll 19/217;24.03.2021;Ulla Jelpke;Thorsten Frei, Detlef Seif, Michael Kuffer;19/217;Menschenwürdige Unterbringung an den europäischen Außengrenzen und faire Asylverfahren sicherstellen
2021;Plenarprotokoll 19/233;10.06.2021;Ulla Jelpke;Christoph de Vries, Marian Wendt, Chritsoph Bernstiel;19/233;Integrationsprobleme durch kulturelle Prägungen wahrnehmen – Neues Forschungsfeld beim Forschungszentrum des Bundesamtes für Migration und Flüchtlinge einrichten
2021;;11.11.2021;Gökay Akbulut;Andrea Lindholz, Dr. Johann David Wadephul, Thorsten Frei, Eckhard Gnodtke;20.2;Migration ordnen, steuern und begrenzen - Neue Pullfaktoren verhindern - Lukaschenko stoppen
2021;;23.06.2021;Ulla Jelpke;Eckhard Gnodtke, Josef Oster, Thorsten Frei;19/235;Verantwortung anerkennen - Gruppenverfahren zur Aufnahme afghanischer Ortskräfte einführen
2021;;18.11.2021;Zaklin Nastic;Thomas Erndl, Dr. Katja Leikert, Dr. Mathias Middelberg;20.3;Massenmigration über Polen mit grenzpolizeilichen Maßnahmen rechtzeitig verhindern und nachhaltige Abwehrmaßnahmen sicherstellen
2022;Plenarprotokoll 20/36;18.05.2022;Clara Bünger;Silvia Breher, Ralph Edelhäußer, Lars Rohwer;20/36;"Masterplan Hilfe, Sicherheit und Integration für ukrainische Frauen, Kinder und Jugendliche, Geflüchtete aus der
Ukraine und anderen Ländern schützen – Kommunen bei der Aufnahme
stärken"
2022;Plenarprotokoll 20/36;18.05.2022;Nicole Gohlke;Daniela Ludwig, Norbert Maria Altenkamp;20/36;"Unterstützung in Bildung und Forschung für
Geflüchtete aus der Ukraine, Zügig pragmatische Lösungen schaffen – Beschulung ukrainischer Flüchtlingskinder
bestmöglich sicherstellen"
2022;;17.02.2022;Clara Bünger;Dr. Silke Launert, Josef Oster, Detlef Seif;20/17;Europäische Asyl- und Migrationspolitik voranbringen - Aber nicht einseitig zulasten Deutschlands erkaufen
2022;;12.10.2022;Gökay Akbulut;Dr. Silke Launert, Detlef Seif;20/59;Eine zukunftsfähige Asylpolitik nach dem Vorbild Dänemarks ermöglichen - Opt-Out aus dem Gemeinsamen Europäischen Asylsystem
2022;Plenarprotokoll 20/74;02.12.2022;Clara Bünger;Andrea Lindholz, Dr. Silke Launert, Alexander Throm, Detlef Seif;20/74;Gesetzes zur Beschleunigung der Asylgerichtsverfahren und Asylverfahren
2023;;28.09.2023;Clara Bünger;Philipp Amthor, Detlef Seif, Alexander Dobrindt;20/125;Schweigen des Bundeskanzlers zum Deutschlandpakt zum Stopp der irregulären Migration
2023;;22.09.2023;Clara Bünger;Josef Oster, Alexander Throm, Alexander Dobrindt;20/123;Deutschland-Pakt in der Migrationspolitik - Irreguläre Migration stoppen
2023;;08.11.2023;Clara Bünger;Alexander Hoffmann, Alexander Throm, Thorsten Frei;20/133;Jetzt entschiedene Maßnahmen zur Begrenzung der irregulären Migration treffen
2023;Plenarprotokoll 20/91;13.03.2023;Clara Bünger;Detlef Seif, Alexander Hoffmann, Philipp Amthor;20/91;Gesetzes zur Behebung von Fehlanreizen im Asylverfahren und zur klaren Trennung von Asyl- und Erwerbsmigration
2023;Plenarprotokoll 20/122;21.09.2023;Clara Bünger;Philipp Amthor, Alexander Hoffmann, Mechthilde Wittmann;20/122;Massenintegration stoppen - Grenzen sofort schützen
2013;Plenarprotokoll 17/246;13.06.2013;Sabine Zimmermann;Dr. Matthias Zimmer;17/246;Sozialen Arbeitsmarkt dauerhaft über Passiv-Aktiv-Transfer ermöglichen – Teilhabe für alle durch sozialversicherungspflichtige Beschäftigung im allgemeinen Arbeitsmarkt
2015;Plenarprotokoll 18/107;22.05.2015;Sabine Zimmermann;Dr. Matthias Zimmer;18/107;Fünf-Punkte-Programm zur Bekämpfung und Vermeidung von Langzeiterwerbslosigkeit
2012;Plenarprotokoll 17/187;28.06.2012;Dr.Ilja Seifert;Maria Michalk, Paul Lehrieder;17/187;Ausgleichsabgabe erhöhen und Menschen mit Behinderung fairen Zugang zum Arbeitsmarkt ermöglichen
2015;Plenarprotokoll 18/124;24.09.2015;Katrin Werner;Uwe Schummer;18/124;Integrationsbetriebe fördern – Neue Chancen für schwerbehinderte Menschen auf dem ersten Arbeitsmarkt eröffnen
2011;Plenarprotokoll 17/120;07.07.2011;Steffen Bockhahn;Volker Kauder, Gerda Hasselfeldt, Karl Schiewerling, Max Straubinger;17/120;Anhaltend positive Entwicklung auf dem deutschen Arbeitsmarkt
2011;Plenarprotokoll 17/102;07.04.2011;Matthias W. Birkwald;Peter Weiß, Ullrich Lange;17/102;Integration Älterer in den Arbeitsmarkt verbessern
2011;Plenarprotokoll 17/128;23.09.2011;Sabine Zimmermann; Karl Schiewerling, Max Straubinger, Dr. Matthias Zimmer;17/128;Gesetzes zur Verbesserung der Eingliederungschancen am Arbeitsmarkt
2012;Plenarprotokoll 17/202;26.10.2012;Cornelia Möhring, Yvonne Ploetz;Dr. Stephan Harbarth, Elisabeth Winkelmeier-Becker, Dr. Carsten Linnemann, Ernst HInsken, VOlker Kauder;17/202;Gesetzes zur Förderung gleichberechtigter Teilhabe von Frauen und Männern in Führungsgremien (GlTeilhG)
2018;Plenarprotokoll 19/61;08.11.2018;Sabine Zimmermann;Peter Weiß, Kai Whittaker, Stephan Stracke;19/61;Zehntes Gesetz zur Änderung des Zweiten Buches Sozialgesetzbuch - Schaffung neuer Teilhabechancen für Langzeitarbeitslose auf dem allgemeinen und sozialen Arbeitsmarkt (Teilhabechancengesetz - 10. SGB II-ÄndG)
2019;Plenarprotokoll 19/127;14.11.2019;Katja Kipping, Matthias W. Birkwald;Dr. Matthias Zimmer, Peter Weiß, Kai Whittaker, Dr. Astrid Freudenstein;19/127;Liberales Bürgergeld einführen - Einstiegs- und Aufstiegsdynamik im Arbeitsmarkt verbessern - Hartz IV reformieren
2023;Plenarprotokoll 20/144;14.12.2023;;Petra Nicolaisen, Kerstin Vieregge, Mechthilde WIttmann;20/144;Auch im Ruhestand motiviert und mit Potential - Arbeitsmarkt für unsere pensionierten Soldaten öffnen
2023;Plenarprotokoll 20/60;13.10.2023;Jessica Tatti;Stephan Stracke, Kai Whittaker, Dr. Markus Reichel, Jana Schimke;20/60;Sozialen Arbeitsmarkt ausbauen - 150.000 Langzeitarbeitslose in Erwerbsarbeit bringen
2019;Plenarprotokoll 19/98;09.05.2019;Susanne Ferschl, Gökay Akbulut;Thorsten Frei, Peter Weiß, Matthias Middleberg;19/98;Fachkräfte für den Arbeitsmarkt von morgen
2023;Plenarprotokoll 20/97;20.04.2023;Sören Pellmann;Willfried Oellers, Hubert Hüppe, Dr. Stefan Nacke;20/97;Gesetzes zur Förderung eines inklusiven Arbeitsmarkts
2023;Plenarprotokoll 20/80;20.01.2023;Susanne Ferschl;Marc Biadacz, Dr. Markus Reichel, Dr. Ottilie Klein, Alaxander Hoffmann;20/80;Technisierung statt Zuwanderung – Für einen Arbeitsmarkt der Zukunft
2023;Plenarprotokoll 20/88;02.03.2023;Sören Pellmann;Willfried Oellers, Dr. Stefan Nacke;20/88;Gesetzes zur Förderung eines inklusiven Arbeitsmarkts
2011;BT-Plenarprotokoll 17/114, S. 13097C-13097D;09.06.2011;Eva Bulling-Schröter;Josef Göppel;17/114;Gesetz zur Anpassung der Rechtsgrundlagen für die Fortentwicklung des Emissionshandels
2011;BT-Plenarprotokoll 17/120, S. 14058C-14064A;07.07.2011;Sabine Stüber;Ingbert Liebing;17/120;Schutz der Meere vor Vermüllung und anderen Verschmutzungen
2011;BT-Plenarprotokoll 17/117, S. 13364C-13409B;30.06.2011;Dr. Gregor Gysi;Dr. Georg Nüßlein;17/117;Erneuerbare Energien ausbauen statt Atomkraft verlängern
2011;BT-Plenarprotokoll 17/108, S. 12384B-12390C;12.05.2011;Eva Bulling-Schröter;Josef Göppel;17/108;Vor Cancún - Mit Glaubwürdigkeit zu einem globalen Klimaschutzabkommen
2011;BT-Plenarprotokoll 17/137, S. 16303A-16323D;28.10.2011;Ralph Lenkert;Michael Brand (Fulda);17/137;Gesetz zur Neuordnung des Kreislaufwirtschafts- und Abfallrechts
2012;BT-Plenarprotokoll 17/166, S. 19723A-19746D;09.03.2012;Dr. Gregor Gysi,;Thomas Bareiß;17/166;Gesetz zur Änderung des Rechtsrahmens für Strom aus solarer Strahlungsenergie und zu weiteren Änderungen im Recht der erneuerbaren Energien
2012;BT-Plenarprotokoll 17/181, S. 21518D-21528B;24.05.2012;Eva Bulling-Schröter;Franz Obermeier;17/181;Gesetz zur Änderung des Kraft-Wärme-Kopplungsgesetzes
2012;BT-Plenarprotokoll 17/195, S. 23336A-23357C;27.09.2012;Halina Wawzyniak;Dirk Fischer (Hamburg);17/195;Gesetz über die energetische Modernisierung von vermietetem Wohnraum und über die vereinfachte Durchsetzung von Räumungstiteln (Mietrechtsänderungsgesetz - MietRÄndG)
2012;BT-Plenarprotokoll 17/204, S. 24825D-24826B;08.11.2012;Eva Bulling-Schröter;Norbert Schindler;17/204;Gesetz zur Änderung des Energiesteuer- und des Stromsteuergesetzes sowie zur Änderung des Luftverkehrsteuergesetzes
2012;BT-Plenarprotokoll 17/198, S. 24018B-24023C;18.10.2012;Ralph Lenkert;Dr. Michael Paul;17/198;Verordnung zur Umsetzung der Richtlinie über Industrieemissionen, zur Änderung der Verordnung zur Begrenzung der Emissionen flüchtiger organischer Verbindungen beim Umfüllen oder Lagern von Ottokraftstoffen, Kraftstoffgemischen oder Rohbenzin sowie zur Änderung der Verordnung zur Begrenzung der Kohlenwasserstoffemissionen bei der Betankung von Kraftfahrzeugen
2013;BT-Plenarprotokoll 17/217, S. 26944C-26950A;17.01.2013;Eva Bulling-Schröter;"Jens Koeppen
 Dr. Michael Paul";17/217;... Gesetz zur Änderung des Bundes-Immissionsschutzgesetzes
2013;BT-Plenarprotokoll 17/217, S. 26944C-26950A;17.01.2013;Eva Bulling-Schröter;Jens Koeppen;17/217;Kohleausstiegsgesetz nach Scheitern des EU-Emissionshandels
2013;BT-Plenarprotokoll 17/240, S. 30312D-30313A;16.05.2013;Eva Bulling-Schröter;Volkmar Vogel (Kleinsaara);17/240;Viertes Gesetz zur Änderung des Energieeinsparungsgesetzes
2013;BT-Plenarprotokoll 17/246, S. 31285A-31311C;13.06.2013;Eva Bulling-Schröter;Daniela Ludwig;17/246;Gesetz zur Festlegung nationaler Klimaschutzziele und zur Förderung des Klimaschutzes (Klimaschutzgesetz)
2013;BT-Plenarprotokoll 17/248, S. 31787B-31811C;25.06.2013;Katja Kipping;Norbert Barthle;17/248;Bewältigung der Hochwasserkatastrophe - Rasche Soforthilfe und zügiger Wiederaufbau
2014;BT-Plenarprotokoll 18/23, S. 1872C-1872D;20.03.2014;Ralph Lenkert;Dr. Anja Weisgerber;18/23;Sechste Verordnung zur Änderung der Verpackungsverordnung
2014;BT-Plenarprotokoll 18/44, S. 3931B-3952A;27.06.2014;Eva Bulling-Schröter;Dr. Joachim Pfeiffer;18/44;Gesetz zur grundlegenden Reform des Erneuerbare-Energien-Gesetzes und zur Änderung weiterer Bestimmungen des Energiewirtschaftsrechts
2014;BT-Plenarprotokoll 18/39, S. 3356B-3370B;05.06.2014;Caren Lay;Hansjörg Durz;18/39;Gesetz zur Festlegung nationaler Klimaschutzziele und zur Förderung des Klimaschutzes (Klimaschutzgesetz - KlimaSchG)
2014;BT-Plenarprotokoll 18/44, S. 3983A-3988C;27.06.2014;Herbert Behrens;Michael Donth;18/44;Verordnung zur Änderung der Sechzehnten Verordnung zur Durchführung des Bundes-Immissionsschutzgesetzes (Verkehrslärmschutzverordnung - 16. BImSchV)
2014;BT-Plenarprotokoll 18/44, S. 3983A-3988C;27.06.2014;Herbert Behrens;Michael Donth;18/44;Verordnung zur Änderung der Sechzehnten Verordnung zur Durchführung des Bundes-Immissionsschutzgesetzes (Verkehrslärmschutzverordnung - 16. BImSchV)
2015;BT-Plenarprotokoll 18/85, S. 8069D-8077B;05.02.2015;Eva Bulling-Schröter;Hansjörg Durz;18/85;Gesetz zur Teilumsetzung der Energieeffizienzrichtlinie und zur Verschiebung des Außerkrafttretens des § 47g Absatz 2 des Gesetzes gegen Wettbewerbsbeschränkungen
2015;BT-Plenarprotokoll 18/103, S. 9780B-9803D;07.05.2015;Hubertus Zdebel;Karsten Möring;18/103;Gesetz zur Änderung wasser- und naturschutzrechtlicher Vorschriften zur Untersagung und zur Risikominimierung bei den Verfahren der Fracking-Technologie
2015;BT-Plenarprotokoll 18/115, S. 11139B-11146B;42,205;Ralph Lenkert;Dr. Anja Weisgerber;18/115;Gesetz zur Neuordnung des Rechts über das Inverkehrbringen, die Rücknahme und die umweltverträgliche Entsorgung von Elektro- und Elektronikgeräten
2015;BT-Plenarprotokoll 18/130, S. 12638C-12645D;15.10.2015;Birgit Menz;Dr. Klaus-Peter Schulze;18/130;Gesetz zur Umsetzung der Verpflichtungen nach dem Nagoya-Protokoll, zur Durchführung der Verordnung (EU) Nr. 511/2014 und zur Änderung des Patentgesetzes sowie zur Änderung des Umweltauditgesetzes
2015;BT-Plenarprotokoll 18/143, S. 14057D-14063A;03.12.2015;Eva Bulling-Schröter;Barbara Lanzinger;18/143;Gesetz zur Neuregelung des Kraft-Wärme-Kopplungsgesetzes
2016;BT-Plenarprotokoll 18/155, S. 15327B-15332D;18.02.2016;Ralph Lenkert;Ulrich Petzold;18/155;Gesetz zur Änderung des Wasserhaushaltsgesetzes zur Einführung von Grundsätzen für die Kosten von Wasserdienstleistungen und Wassernutzungen sowie zur Änderung des Abwasserabgabengesetzes
2016;BT-Plenarprotokoll 18/153, S. 15100B-15107D;29.01.2016;Eva Bulling-Schröter;Karl Holmeier;18/153;Gesetz zur Weiterentwicklung des Strommarktes (Strommarktgesetz)
2016;BT-Plenarprotokoll 18/164, S. 16073B-16087D;14.04.2016;Sabine Leidig;Ulrich Lange;18/164;Fünfzehntes Gesetz zur Änderung des Luftverkehrsgesetzes
2016;BT-Plenarprotokoll 18/179, S. 17592B-17613A;23.06.2016;Sabine Leidig;Günter Lach;18/179;Klimaschutzplan 2050 - Echter Klimaschutz beginnt heute
2016;BT-Plenarprotokoll 18/190, S. 18836C-18845A;22.09.2016;Eva Bulling-Schröter;Andreas Jung;18/190;Gesetz zu dem Übereinkommen von Paris vom 12. Dezember 2015
2018;BT-Plenarprotokoll 19/69, S. 8037A-8059B;30.11.2018;Lorenz Gösta Beutin;Dr. Andreas Lenz;19/69;Gesetz zur Änderung des Erneuerbare-Energien-Gesetzes, des Kraft-Wärme-Kopplungsgesetzes, des Energiewirtschaftsgesetzes und weiterer energierechtlicher Vorschriften
2018;BT-Plenarprotokoll 19/61, S. 6990A-6994D;08.11.2018;Lorenz Gösta Beutin;Dr. Anja Weisgerber;19/61;Gesetz zur Anpassung der Rechtsgrundlagen für die Fortentwicklung des Europäischen Emissionshandels
2018;BT-Plenarprotokoll 19/58, S. 6471C-6483A;18.10.2018;Jörg Cezanne;Björn Simon;19/58;Gesetz zur Änderung des Bundesfernstraßenmautgesetzes und zur Änderung weiterer straßenverkehrsrechtlicher Vorschriften
2018;BT-Plenarprotokoll 19/37, S. 3604C-3620C;08.06.2018;Ralph Lenkert;Carsten Müller (Braunschweig);19/37;Gesetz zur Änderung des Erneuerbare-Energien-Gesetzes - Erhöhung der Ausbaumengen für Windenergie an Land und Solarenergie
2018;BT-Plenarprotokoll 19/42, S. 4282A-4288C;28.06.2018;Hubertus Zdebel;Karsten Möring;19/42;Sechzehntes Gesetz zur Änderung des Atomgesetzes (16. AtGÄndG)
2019;BT-Plenarprotokoll 19/74, S. 8687B-8694C;17.01.2019;Ingrid Remmers;Karsten Möring;19/73;Dreizehntes Gesetz zur Änderung des Bundes-Immissionsschutzgesetzes
2019;BT-Plenarprotokoll 19/86, S. 10152A-10166B;14.03.2019;Andreas Wagner;Daniela Ludwig;19/86;Neuntes Gesetz zur Änderung des Straßenverkehrsgesetzes
2019;BT-Plenarprotokoll 19/92, S. 10985D-10994C;04.04.2019;Ralph Lenkert;Dr. Andreas Lenz;19/92;Gesetz zur Beschleunigung des Energieleitungsausbaus
2019;BT-Plenarprotokoll 19/108, S. 13437D-13457D;28.06.2019;Lorenz Gösta Beutin;Dr. Klaus-Peter Schulze;19/108;Gesetz zur Beendigung des Betriebs von Kohlekraftwerken zur Stromerzeugung (Kohlekraftwerk-Sofortmaßnahme-Gesetz)
2019;BT-Plenarprotokoll 19/128, S. 16037B-16066A;15.11.2019;Jörg Cezanne;Johannes Steiniger;19/128;Klimapaket neu auflegen - Verkehrswende für eine klimafreundliche Mobilität einleiten
2020;BT-Plenarprotokoll 19/149, S. 18596B-18612B;05.03.2020;Lorenz Gösta Beutin;Dr. Andreas Lenz;19/149;Gesetz zur Änderung des Erneuerbare-Energien-Gesetzes
2020;BT-Plenarprotokoll 19/149, S. 18656D-18664B;05.03.2020;Eva-Maria Schreiber;Stefan Rouenhoff;19/149;Gesetz zur Durchführung der Verordnung (EU) 2017/821 des Europäischen Parlaments und des Rates vom 17. Mai 2017 zur Festlegung von Pflichten zur Erfüllung der Sorgfaltspflichten in der Lieferkette für Unionseinführer von Zinn, Tantal, Wolfram, deren Erzen und Gold aus Konflikt- und Hochrisikogebieten sowie zur Änderung des Bundesberggesetzes
2020;BT-Plenarprotokoll 19/189, S. 23845D-23853A;05.11.2020;Lorenz Gösta Beutin;Dr. Andreas Lenz;19/189;Gesetz zur Änderung des Windenergie-auf-See-Gesetzes und anderer Vorschriften
2020;BT-Plenarprotokoll 19/176, S. 22188D-22195D;17.09.2020;Ralph Lenkert;Michael Kießling;19/176;Gesetz zur Umsetzung der Abfallrahmenrichtlinie der Europäischen Union
2020;BT-Plenarprotokoll 19/142, S. 17774B-17784C;29.01.2020;Lorenz Gösta Beutin;Dr. Andreas Lenz;19/142;Gesetz zur Vereinheitlichung des Energieeinsparrechts für Gebäude und zur Änderung weiterer Gesetze
2021;BT-Plenarprotokoll 19/239, S. 31149A-31165B;07.09.2021;Dr. Gesine Lötzsch;Stephan Stracke;19/239;"Gesetz zur Errichtung eines Sondervermögens ""Aufbauhilfe 2021"" und zur vorübergehenden Aussetzung der Insolvenzantragspflicht wegen Starkregenfällen und Hochwassern im Juli 2021 sowie zur Änderung weiterer Gesetze (Aufbauhilfegesetz 2021 - AufbhG 2021)"
2021;BT-Plenarprotokoll 19/233, S. 29936C-29961B;10.06.2021;Dr. Lukas Köhler;Kai Whittaker;19/233;Erstes Gesetz zur Änderung des Bundes-Klimaschutzgesetzes
2021;BT-Plenarprotokoll 19/233, S. 29936C-29961B;10.06.2021;Dr. Dietmar Bartsch;Rüdiger Kruse;19/233;Deutsche Nachhaltigkeitsstrategie - Weiterentwicklung 2021
2021;BT-Plenarprotokoll 19/228, S. 29169C-29187C;07.05.2021;Lorenz Gösta Beutin;Andreas Jung;19/228;Klimaschutz ist jetzt
2021;BT-Plenarprotokoll 19/227, S. 28995C-29003A;06.05.2021;Ralph Lenkert;Michael Kießling;19/227;Gesetz zur Umsetzung von Vorgaben der Einwegkunststoffrichtlinie und der Abfallrahmenrichtlinie im Verpackungsgesetz und in anderen Gesetzen
2022;BT-Plenarprotokoll 20/67, S. 7848D-7857C;11.11.2022;Ralph Lenkert;Anne König;20/67;Gesetz zur Beschleunigung des Braunkohleausstiegs im Rheinischen Revier
2022;BT-Plenarprotokoll 20/45, S. 4682B-4692A;24.06.2022;Ralph Lenkert;Klaus Mack;20/45;Gesetz zur Erhöhung und Beschleunigung des Ausbaus von Windenergieanlagen an Land
2022;BT-Plenarprotokoll 20/34, S. 3043B-3061D;12.05.2022;Klaus Ernst;Andreas Jung;20/34;Gesetz zu Sofortmaßnahmen für einen beschleunigten Ausbau der erneuerbaren Energien und weiteren Maßnahmen im Stromsektor
2022;BT-Plenarprotokoll 20/56, S. 6168A-6175C;28.09.2022;Dr. Gesine Lötzsch;Dr. Thomas Gebhart;20/56;Zweites Gesetz zur Änderung des Brennstoffemissionshandelsgesetzes
2022;BT-Plenarprotokoll 20/65, S. 7366D-7376D;09.11.2022;Ralph Lenkert;Dr. Klaus Wiener;20/65;Neunzehntes Gesetz zur Änderung des Atomgesetzes (19. AtGÄndG)
2023;BT-Plenarprotokoll 20/131, S. 16519C-16522C;19.10.2023;Ralph Lenkert;Max Straubinger;20/131;Zweites Gesetz zur Änderung des Düngegesetzes
2023;BT-Plenarprotokoll 20/125, S. 15664A-15671A;28.09.2023;Ralph Lenkert;Alexander Engelhard;20/125;Viertes Gesetz zur Änderung des Chemikaliengesetzes
2023;BT-Plenarprotokoll 20/138, S. 17531C-17545A;17.11.2023;Ralph Lenkert;Michael Kießling;20/138;Gesetz für die Wärmeplanung und zur Dekarbonisierung der Wärmenetze
2023;BT-Plenarprotokoll 20/122, S. 15117C-15126A;21.09.2023;Ralph Lenkert;Sebastian Brehm;20/122;Gesetz zur Steigerung der Energieeffizienz und zur Änderung des Energiedienstleistungsgesetzes
2023;BT-Plenarprotokoll 20/94, S. 11349D-11356A;30.03.2023;Ralph Lenkert;Oliver Grundmann;20/94;Gesetz zu der Entschließung LP.3(4) vom 30. Oktober 2009 über die Änderung des Artikels 6 des Protokolls vom 7. November 1996 zum Übereinkommen über die Verhütung der Meeresverschmutzung durch das Einbringen von Abfällen und sonstigen Stoffen von 1972
;;;;;;
;;;;;;
